<code_scheme name="Default" version="173">
  <HTMLCodeStyleSettings>
    <option name="HTML_UNIFORM_INDENT" value="true" />
    <option name="HTML_ALIGN_TEXT" value="true" />
    <option name="HTML_SPACE_INSIDE_EMPTY_TAG" value="true" />
    <option name="HTML_ENFORCE_QUOTES" value="true" />
    <option name="HTML_NEWLINE_AFTER_LAST_ATTRIBUTE" value="When multiline" />
  </HTMLCodeStyleSettings>
  <SqlCodeStyleSettings version="6">
    <option name="KEYWORD_CASE" value="2" />
    <option name="TYPE_CASE" value="2" />
    <option name="BUILT_IN_CASE" value="2" />
  </SqlCodeStyleSettings>
  <codeStyleSettings language="HTML">
    <indentOptions>
      <option name="USE_TAB_CHARACTER" value="true" />
    </indentOptions>
  </codeStyleSettings>
  <codeStyleSettings language="JAVA">
    <option name="KEEP_FIRST_COLUMN_COMMENT" value="false" />
    <option name="ALIGN_MULTILINE_CHAINED_METHODS" value="true" />
    <option name="SPACE_BEFORE_ARRAY_INITIALIZER_LBRACE" value="true" />
    <option name="METHOD_CALL_CHAIN_WRAP" value="1" />
    <option name="KEEP_SIMPLE_BLOCKS_IN_ONE_LINE" value="true" />
    <option name="KEEP_SIMPLE_METHODS_IN_ONE_LINE" value="true" />
    <option name="KEEP_SIMPLE_LAMBDAS_IN_ONE_LINE" value="true" />
    <option name="KEEP_SIMPLE_CLASSES_IN_ONE_LINE" value="true" />
    <option name="SPACE_BEFORE_ANOTATION_PARAMETER_LIST" value="true" />
    <option name="KEEP_BUILDER_METHODS_INDENTS" value="true" />
    <indentOptions>
      <option name="USE_TAB_CHARACTER" value="true" />
      <option name="SMART_TABS" value="true" />
    </indentOptions>
  </codeStyleSettings>
</code_scheme>